,Year,Statistic,Name,Team,Value
0,1901,Complete Games,Joe McGinnity,Baltimore,39
1,1901,ERA,Cy Young,Boston,1.62
2,1901,Games,Joe McGinnity,Baltimore,48
3,1901,Saves,Bill Hoffer,Cleveland,3
4,1901,Shutouts,Clark Griffith,Chicago,5
5,1901,Shutouts,Cy Young,Boston,5
6,1901,Strikeouts,Cy Young,Boston,158
7,1901,Winning Percentage,Clark Griffith,Chicago,.774
8,1901,Wins,Cy Young,Boston,33
9,1902,Complete Games,Cy Young,Boston,41
10,1902,ERA,Ed Siever,Detroit,1.91
11,1902,Games,Cy Young,Boston,45
12,1902,Saves,Jack Powell,St. Louis,2
13,1902,Shutouts,Addie Joss,Cleveland,5
14,1902,Strikeouts,Rube Waddell,Philadelphia,210
15,1902,Winning Percentage,Bill Bernhard,Philadelphia,.783
16,1902,Winning Percentage,Bill Bernhard,Cleveland,.783
17,1902,Wins,Cy Young,Boston,32
18,1903,Complete Games,Bill Donovan,Detroit,34
19,1903,Complete Games,Rube Waddell,Philadelphia,34
20,1903,Complete Games,Cy Young,Boston,34
21,1903,ERA,Earl Moore,Cleveland,1.74
22,1903,Games,Eddie Plank,Philadelphia,43
23,1903,Saves,Bill Dinneen,Boston,2
24,1903,Saves,George Mullin,Detroit,2
25,1903,Saves,Al Orth,Washington,2
26,1903,Saves,Jack Powell,St. Louis,2
27,1903,Saves,Cy Young,Boston,2
28,1903,Shutouts,Cy Young,Boston,7
29,1903,Strikeouts,Rube Waddell,Philadelphia,302
30,1903,Winning Percentage,Cy Young,Boston,.757
31,1903,Wins,Cy Young,Boston,28
32,1904,Complete Games,Jack Chesbro,New York,48
33,1904,ERA,Addie Joss,Cleveland,1.59
34,1904,Games,Jack Chesbro,New York,55
35,1904,Saves,Case Patten,Washington,3
36,1904,Shutouts,Cy Young,Boston,10
37,1904,Strikeouts,Rube Waddell,Philadelphia,349
38,1904,Winning Percentage,Jack Chesbro,New York,.774
39,1904,Wins,Jack Chesbro,New York,41
40,1905,Complete Games,Harry Howell,St. Louis,35
41,1905,Complete Games,George Mullin,Detroit,35
42,1905,Complete Games,Eddie Plank,Philadelphia,35
43,1905,ERA,Rube Waddell,Philadelphia,1.48
44,1905,Games,Rube Waddell,Philadelphia,46
45,1905,Saves,Jim Buchanan,St. Louis,2
46,1905,Shutouts,Ed Killian,Detroit,8
47,1905,Strikeouts,Rube Waddell,Philadelphia,287
48,1905,Winning Percentage,Rube Waddell,Philadelphia,.730
49,1905,Wins,Rube Waddell,Philadelphia,27
50,1906,Complete Games,Al Orth,New York,36
51,1906,ERA,Doc White,Chicago,1.52
52,1906,Games,Jack Chesbro,New York,49
53,1906,Saves,Chief Bender,Philadelphia,3
54,1906,Saves,Otto Hess,Cleveland,3
55,1906,Shutouts,Ed Walsh,Chicago,10
56,1906,Strikeouts,Rube Waddell,Philadelphia,196
57,1906,Winning Percentage,Eddie Plank,Philadelphia,.760
58,1906,Wins,Al Orth,New York,27
59,1907,Complete Games,Ed Walsh,Chicago,37
60,1907,ERA,Ed Walsh,Chicago,1.60
61,1907,Games,Ed Walsh,Chicago,56
62,1907,Saves,Bill Dinneen,Philadelphia,4
63,1907,Saves,Bill Dinneen,St. Louis,4
64,1907,Saves,Tom Hughes,Washington,4
65,1907,Saves,Ed Walsh,Chicago,4
66,1907,Shutouts,Eddie Plank,Philadelphia,8
67,1907,Strikeouts,Rube Waddell,Philadelphia,232
68,1907,Winning Percentage,Bill Donovan,Detroit,.862
69,1907,Wins,Addie Joss,Cleveland,27
70,1907,Wins,Doc White,Chicago,27
71,1908,Complete Games,Ed Walsh,Chicago,42
72,1908,ERA,Addie Joss,Cleveland,1.16
73,1908,Games,Ed Walsh,Chicago,66
74,1908,Saves,Ed Walsh,Chicago,6
75,1908,Shutouts,Ed Walsh,Chicago,11
76,1908,Strikeouts,Ed Walsh,Chicago,269
77,1908,Winning Percentage,Ed Walsh,Chicago,.727
78,1908,Wins,Ed Walsh,Chicago,40
79,1909,Complete Games,Frank Smith,Chicago,37
80,1909,ERA,Harry Krause,Philadelphia,1.39
81,1909,Games,Frank Smith,Chicago,51
82,1909,Saves,Frank Arellanes,Boston,8
83,1909,Shutouts,Ed Walsh,Chicago,8
84,1909,Strikeouts,Frank Smith,Chicago,177
85,1909,Winning Percentage,George Mullin,Detroit,.784
86,1909,Wins,George Mullin,Detroit,29
87,1910,Complete Games,Walter Johnson,Washington,38
88,1910,ERA,Ed Walsh,Chicago,1.27
89,1910,Games,Ed Walsh,Chicago,45
90,1910,Games,Jack Coombs,Philadelphia,45
91,1910,Games,Walter Johnson,Washington,45
92,1910,Saves,Ed Walsh,Chicago,5
93,1910,Shutouts,Jack Coombs,Philadelphia,13
94,1910,Strikeouts,Walter Johnson,Washington,313
95,1910,Winning Percentage,Chief Bender,Philadelphia,.821
96,1910,Wins,Jack Coombs,Philadelphia,31
97,1911,Complete Games,Walter Johnson,Washington,36
98,1911,ERA,Vean Gregg,Cleveland,1.80
99,1911,Games,Ed Walsh,Chicago,56
100,1911,Saves,Charley Hall,Boston,4
101,1911,Saves,Eddie Plank,Philadelphia,4
102,1911,Saves,Ed Walsh,Chicago,4
103,1911,Shutouts,Eddie Plank,Philadelphia,6
104,1911,Shutouts,Walter Johnson,Washington,6
105,1911,Strikeouts,Ed Walsh,Chicago,255
106,1911,Winning Percentage,Chief Bender,Philadelphia,.773
107,1911,Wins,Jack Coombs,Philadelphia,28
108,1912,Complete Games,Smoky Joe Wood,Boston,35
109,1912,ERA,Walter Johnson,Washington,1.39
110,1912,Games,Ed Walsh,Chicago,62
111,1912,Saves,Ed Walsh,Chicago,10
112,1912,Shutouts,Smoky Joe Wood,Boston,10
113,1912,Strikeouts,Walter Johnson,Washington,303
114,1912,Winning Percentage,Smoky Joe Wood,Boston,.872
115,1912,Wins,Smoky Joe Wood,Boston,34
116,1913,Complete Games,Walter Johnson,Washington,29
117,1913,ERA,Walter Johnson,Washington,1.14
118,1913,Games,Reb Russell,Chicago,52
119,1913,Saves,Chief Bender,Philadelphia,13
120,1913,Shutouts,Walter Johnson,Washington,11
121,1913,Strikeouts,Walter Johnson,Washington,243
122,1913,Winning Percentage,Walter Johnson,Washington,.837
123,1913,Wins,Walter Johnson,Washington,36
124,1914,Complete Games,Walter Johnson,Washington,33
125,1914,ERA,Dutch Leonard,Boston,0.96
126,1914,Games,Walter Johnson,Washington,51
127,1914,Saves,Jack Bentley,Washington,4
128,1914,Saves,Hooks Dauss,Detroit,4
129,1914,Saves,Red Faber,Chicago,4
130,1914,Saves,Roy Mitchell,St. Louis,4
131,1914,Saves,Jim Shaw,Washington,4
132,1914,Shutouts,Walter Johnson,Washington,9
133,1914,Strikeouts,Walter Johnson,Washington,225
134,1914,Winning Percentage,Chief Bender,Philadelphia,.850
135,1914,Wins,Walter Johnson,Washington,28
136,1915,Complete Games,Walter Johnson,Washington,35
137,1915,ERA,Smoky Joe Wood,Boston,1.49
138,1915,Games,Harry Coveleski,Detroit,50
139,1915,Games,Red Faber,Chicago,50
140,1915,Saves,Carl Mays,Boston,7
141,1915,Shutouts,Walter Johnson,Washington,7
142,1915,Shutouts,Jim Scott,Chicago,7
143,1915,Strikeouts,Walter Johnson,Washington,203
144,1915,Winning Percentage,Smoky Joe Wood,Boston,.750
145,1915,Wins,Walter Johnson,Washington,27
146,1916,Complete Games,Walter Johnson,Washington,
147,1916,ERA,Babe Ruth,Boston,
148,1916,Games,Dave Davenport,St. Louis,
149,1916,Saves,Bob Shawkey,New York,
150,1916,Shutouts,Babe Ruth,Boston,
151,1916,Strikeouts,Walter Johnson,Washington,
152,1916,Winning Percentage,Nick Cullop,New York,
153,1916,Wins,Walter Johnson,Washington,
154,1917,Complete Games,Babe Ruth,Boston,35
155,1917,ERA,Eddie Cicotte,Chicago,1.53
156,1917,Games,Dave Danforth,Chicago,50
157,1917,Saves,Dave Danforth,Chicago,9
158,1917,Shutouts,Stan Coveleski,Cleveland,9
159,1917,Strikeouts,Walter Johnson,Washington,188
160,1917,Winning Percentage,Ed Klepfer,Cleveland,.778
161,1917,Wins,Eddie Cicotte,Chicago,28
162,1918,Complete Games,Carl Mays,Boston,30
163,1918,Complete Games,Scott Perry,Philadelphia,30
164,1918,ERA,Walter Johnson,Washington,1.27
165,1918,Games,Jim Bagby,Cleveland,45
166,1918,Games,George Mogridge,New York,45
167,1918,Saves,George Mogridge,New York,7
168,1918,Shutouts,Walter Johnson,Washington,8
169,1918,Shutouts,Carl Mays,Boston,8
170,1918,Strikeouts,Walter Johnson,Washington,162
171,1918,Winning Percentage,Sam Jones,Boston,.762
172,1918,Wins,Walter Johnson,Washington,23
173,1919,Complete Games,Eddie Cicotte,Chicago,30
174,1919,ERA,Walter Johnson,Washington,1.49
175,1919,Games,Jim Shaw,Washington,45
176,1919,Saves,Allan Russell,New York,5
177,1919,Saves,Allan Russell,Boston,5
178,1919,Saves,Bob Shawkey,New York,5
179,1919,Saves,Jim Shaw,Washington,5
180,1919,Shutouts,Walter Johnson,Washington,7
181,1919,Strikeouts,Walter Johnson,Washington,147
182,1919,Winning Percentage,Eddie Cicotte,Chicago,.806
183,1919,Wins,Eddie Cicotte,Chicago,29
184,1920,Complete Games,Jim Bagby,Cleveland,30
185,1920,ERA,Bob Shawkey,New York,2.45
186,1920,Games,Jim Bagby,Cleveland,48
187,1920,Saves,Dickie Kerr,Chicago,5
188,1920,Saves,Urban Shocker,St. Louis,5
189,1920,Shutouts,Carl Mays,New York,6
190,1920,Strikeouts,Stan Coveleski,Cleveland,133
191,1920,Winning Percentage,Jim Bagby,Cleveland,.721
192,1920,Wins,Jim Bagby,Cleveland,31
193,1921,Complete Games,Red Faber,Chicago,32
194,1921,ERA,Red Faber,Chicago,2.48
195,1921,Games,Carl Mays,New York,49
196,1921,Saves,Carl Mays,New York,7
197,1921,Saves,Jim Middleton,Detroit,7
198,1921,Shutouts,Sam Jones,Boston,5
199,1921,Strikeouts,Walter Johnson,Washington,143
200,1921,Winning Percentage,Carl Mays,New York,.750
201,1921,Wins,Carl Mays,New York,27
202,1921,Wins,Urban Shocker,St. Louis,27
203,1922,Complete Games,Red Faber,Chicago,31
204,1922,ERA,Red Faber,Chicago,2.81
205,1922,Games,Eddie Rommel,Philadelphia,51
206,1922,Saves,Sam Jones,New York,8
207,1922,Shutouts,George Uhle,Cleveland,5
208,1922,Strikeouts,Urban Shocker,St. Louis,149
209,1922,Winning Percentage,Joe Bush,New York,.788
210,1922,Wins,Eddie Rommel,Philadelphia,27
211,1923,Complete Games,George Uhle,Cleveland,29
212,1923,ERA,Stan Coveleski,Cleveland,2.76
213,1923,Games,Eddie Rommel,Philadelphia,56
214,1923,Saves,Allan Russell,Washington,9
215,1923,Shutouts,Stan Coveleski,Cleveland,5
216,1923,Strikeouts,Walter Johnson,Washington,130
217,1923,Winning Percentage,Herb Pennock,New York,.760
218,1924,Complete Games,Sloppy Thurston,Chicago,28
219,1924,ERA,Walter Johnson,Washington,2.72
220,1924,Games,Firpo Marberry,Washington,50
221,1924,Saves,Firpo Marberry,Washington,15
222,1924,Shutouts,Walter Johnson,Washington,6
223,1924,Strikeouts,Walter Johnson,Washington,158
224,1924,Winning Percentage,Walter Johnson,Washington,.767
225,1925,Complete Games,Howard Ehmke,Boston,22
226,1925,Complete Games,Sherry Smith,Cleveland,22
227,1925,ERA,Stan Coveleski,Washington,2.84
228,1925,Games,Firpo Marberry,Washington,55
229,1925,Saves,Firpo Marberry,Washington,15
230,1925,Shutouts,Ted Lyons,Chicago,5
231,1925,Strikeouts,Lefty Grove,Philadelphia,116
232,1925,Winning Percentage,Stan Coveleski,Washington,.800
233,1925,Wins,Ted Lyons,Chicago,21
234,1926,Complete Games,George Uhle,Cleveland,32
235,1926,ERA,Lefty Grove,Philadelphia,2.51
236,1926,Games,Firpo Marberry,Washington,64
237,1926,Saves,Firpo Marberry,Washington,22
238,1926,Shutouts,Ed Wells,Detroit,4
239,1926,Strikeouts,Lefty Grove,Philadelphia,194
240,1926,Winning Percentage,George Uhle,Cleveland,.711
241,1927,Complete Games,Ted Lyons,Chicago,30
242,1927,ERA,Wilcy Moore,New York,2.28
243,1927,Games,Garland Braxton,Washington,58
244,1927,Saves,Garland Braxton,Washington,13
245,1927,Saves,Wilcy Moore,New York,13
246,1927,Shutouts,Hod Lisenbee,Washington,4
247,1927,Strikeouts,Lefty Grove,Philadelphia,174
248,1927,Winning Percentage,Waite Hoyt,New York,.759
249,1927,Wins,Waite Hoyt,New York,22
250,1927,Wins,Ted Lyons,Chicago,22
251,1928,Complete Games,Red Ruffing,Boston,25
252,1928,ERA,Garland Braxton,Washington,2.51
253,1928,Games,Firpo Marberry,Washington,48
254,1928,Saves,Waite Hoyt,New York,8
255,1928,Shutouts,Herb Pennock,New York,5
256,1928,Strikeouts,Lefty Grove,Philadelphia,183
257,1928,Winning Percentage,Alvin Crowder,St. Louis,.808
258,1928,Wins,Lefty Grove,Philadelphia,24
259,1929,Complete Games,Tommy Thomas,Chicago,24
260,1929,ERA,Lefty Grove,Philadelphia,2.81
261,1929,Games,Firpo Marberry,Washington,49
262,1929,Saves,Firpo Marberry,Washington,11
263,1929,Shutouts,George Blaeholder,St. Louis,5
264,1929,Shutouts,Alvin Crowder,St. Louis,5
265,1929,Shutouts,Dolly Gray,St. Louis,5
266,1929,Shutouts,Danny MacFayden,Boston,5
267,1929,Strikeouts,Lefty Grove,Philadelphia,170
268,1929,Winning Percentage,Lefty Grove,Philadelphia,.769
269,1930,Complete Games,Ted Lyons,Chicago,29
270,1930,ERA,Lefty Grove,Philadelphia,2.54
271,1930,Games,Lefty Grove,Philadelphia,50
272,1930,Saves,Lefty Grove,Philadelphia,9
273,1930,Shutouts,Clint Brown,Cleveland,3
274,1930,Shutouts,George Earnshaw,Philadelphia,3
275,1930,Shutouts,George Pipgras,New York,3
276,1930,Strikeouts,Lefty Grove,Philadelphia,209
277,1930,Winning Percentage,Lefty Grove,Philadelphia,.848
278,1931,Complete Games,Wes Ferrell,Cleveland,
279,1931,Complete Games,Lefty Grove,Philadelphia,
280,1931,ERA,Lefty Grove,Philadelphia,
281,1931,Games,Bump Hadley,Washington,
282,1931,Saves,Wilcy Moore,Boston,
283,1931,Shutouts,Lefty Grove,Philadelphia,
284,1931,Strikeouts,Lefty Grove,Philadelphia,
285,1931,Winning Percentage,Lefty Grove,Philadelphia,
286,1932,Complete Games,Lefty Grove,Philadelphia,27
287,1932,ERA,Lefty Grove,Philadelphia,2.84
288,1932,Games,Firpo Marberry,Washington,54
289,1932,Saves,Firpo Marberry,Washington,13
290,1932,Shutouts,Tommy Bridges,Detroit,4
291,1932,Shutouts,Lefty Grove,Philadelphia,4
292,1932,Strikeouts,Red Ruffing,New York,190
293,1932,Winning Percentage,Johnny Allen,New York,.810
294,1932,Wins,Alvin Crowder,Washington,26
295,1933,Complete Games,Lefty Grove,Philadelphia,21
296,1933,ERA,Monte Pearson,Cleveland,2.33
297,1933,Games,Alvin Crowder,Washington,52
298,1933,Saves,Jack Russell,Washington,13
299,1933,Shutouts,Oral Hildebrand,Cleveland,6
300,1933,Strikeouts,Lefty Gomez,New York,163
301,1933,Winning Percentage,Lefty Grove,Philadelphia,.750
302,1933,Wins,Lefty Grove,Philadelphia,24
303,1934,Complete Games,Lefty Gomez,New York,25
304,1934,ERA,Lefty Gomez,New York,2.33
305,1934,Games,Jack Russell,Washington,54
306,1934,Saves,Jack Russell,Washington,7
307,1934,Shutouts,Mel Harder,Cleveland,6
308,1934,Shutouts,Lefty Gomez,New York,6
309,1934,Strikeouts,Lefty Gomez,New York,158
310,1934,Winning Percentage,Lefty Gomez,New York,.839
311,1935,Complete Games,Wes Ferrell,Boston,31
312,1935,ERA,Lefty Grove,Boston,2.70
313,1935,Games,Russ Van Atta,New York,58
314,1935,Games,Russ Van Atta,St. Louis,58
315,1935,Saves,Jack Knott,St. Louis,7
316,1935,Shutouts,Schoolboy Rowe,Detroit,6
317,1935,Strikeouts,Tommy Bridges,Detroit,163
318,1935,Winning Percentage,Elden Auker,Detroit,.720
319,1935,Wins,Wes Ferrell,Boston,25
320,1936,Complete Games,Wes Ferrell,Boston,28
321,1936,ERA,Lefty Grove,Philadelphia,2.81
322,1936,Games,Russ Van Atta,St. Louis,52
323,1936,Saves,Pat Malone,New York,9
324,1936,Shutouts,Lefty Grove,Philadelphia,6
325,1936,Strikeouts,Tommy Bridges,Detroit,175
326,1936,Winning Percentage,Bump Hadley,New York,.778
327,1936,Wins,Tommy Bridges,Detroit,23
328,1937,Complete Games,Wes Ferrell,Boston,26
329,1937,Complete Games,Wes Ferrell,Washington,26
330,1937,ERA,Lefty Gomez,New York,2.33
331,1937,Games,Clint Brown,Chicago,53
332,1937,Saves,Clint Brown,Chicago,18
333,1937,Shutouts,Lefty Gomez,New York,6
334,1937,Strikeouts,Lefty Gomez,New York,194
335,1937,Winning Percentage,Johnny Allen,Cleveland,.938
336,1938,Complete Games,Bobo Newsom,St. Louis,31
337,1938,ERA,Lefty Grove,Boston,3.08
338,1938,Games,Johnny Humphries,Cleveland,45
339,1938,Saves,Johnny Murphy,New York,11
340,1938,Shutouts,Lefty Gomez,New York,4
341,1938,Strikeouts,Bob Feller,Cleveland,240
342,1938,Winning Percentage,Red Ruffing,New York,.750
343,1939,Complete Games,Bobo Newsom,St. Louis,24
344,1939,Complete Games,Bobo Newsom,Detroit,24
345,1939,ERA,Lefty Grove,Boston,2.54
346,1939,Games,Clint Brown,Chicago,61
347,1939,Saves,Johnny Murphy,New York,19
348,1939,Shutouts,Red Ruffing,New York,5
349,1939,Strikeouts,Bob Feller,Cleveland,246
350,1939,Winning Percentage,Lefty Grove,Boston,.789
351,1940,Complete Games,Bob Feller,Cleveland,31
352,1940,ERA,Bob Feller,Cleveland,2.61
353,1940,Games,Bob Feller,Cleveland,43
354,1940,Saves,Al Benton,Detroit,17
355,1940,Shutouts,Bob Feller,Cleveland,4
356,1940,Shutouts,Ted Lyons,Chicago,4
357,1940,Shutouts,Al Milnar,Cleveland,4
358,1940,Strikeouts,Bob Feller,Cleveland,261
359,1940,Winning Percentage,Schoolboy Rowe,Detroit,.842
360,1941,Complete Games,Thornton Lee,Chicago,30
361,1941,ERA,Thornton Lee,Chicago,2.37
362,1941,Games,Bob Feller,Cleveland,44
363,1941,Saves,Johnny Murphy,New York,15
364,1941,Shutouts,Bob Feller,Cleveland,6
365,1941,Strikeouts,Bob Feller,Cleveland,260
366,1941,Winning Percentage,Lefty Gomez,New York,.750
367,1941,Wins,Bob Feller,Cleveland,25
368,1942,Complete Games,Tiny Bonham,New York,22
369,1942,Complete Games,Tex Hughson,Boston,22
370,1942,ERA,Ted Lyons,Chicago,2.10
371,1942,Games,Joe Haynes,Chicago,40
372,1942,Saves,Johnny Murphy,New York,11
373,1942,Shutouts,Tiny Bonham,New York,6
374,1942,Strikeouts,Tex Hughson,Boston,113
375,1942,Strikeouts,Bobo Newsom,Washington,113
376,1942,Winning Percentage,Tiny Bonham,New York,.808
377,1942,Wins,Tex Hughson,Boston,22
378,1943,Complete Games,Spud Chandler,New York,20
379,1943,Complete Games,Tex Hughson,Boston,20
380,1943,ERA,Spud Chandler,New York,1.64
381,1943,Games,Mace Brown,Boston,49
382,1943,Saves,Gordon Maltzberger,Chicago,14
383,1943,Shutouts,Spud Chandler,New York,5
384,1943,Shutouts,Dizzy Trout,Detroit,5
385,1943,Strikeouts,Allie Reynolds,Cleveland,151
386,1943,Winning Percentage,Spud Chandler,New York,.833
387,1943,Wins,Spud Chandler,New York,20
388,1944,Complete Games,Dizzy Trout,Detroit,33
389,1944,ERA,Dizzy Trout,Detroit,2.12
390,1944,Games,Joe Heving,Cleveland,63
391,1944,Saves,Joe Berry,Philadelphia,12
392,1944,Saves,George Caster,St. Louis,12
393,1944,Saves,Gordon Maltzberger,Chicago,12
394,1944,Shutouts,Dizzy Trout,Detroit,7
395,1944,Strikeouts,Hal Newhouser,Detroit,187
396,1944,Winning Percentage,Tex Hughson,Boston,.783
397,1944,Wins,Hal Newhouser,Detroit,29
398,1945,Complete Games,Hal Newhouser,Detroit,29
399,1945,ERA,Hal Newhouser,Detroit,1.81
400,1945,Games,Joe Berry,Philadelphia,52
401,1945,Saves,Jim Turner,New York,10
402,1945,Shutouts,Hal Newhouser,Detroit,8
403,1945,Strikeouts,Hal Newhouser,Detroit,212
404,1945,Winning Percentage,Hal Newhouser,Detroit,.735
405,1945,Wins,Hal Newhouser,Detroit,25
406,1946,Complete Games,Bob Feller,Cleveland,36
407,1946,ERA,Hal Newhouser,Detroit,1.94
408,1946,Games,Bob Feller,Cleveland,48
409,1946,Saves,Bob Klinger,Boston,9
410,1946,Shutouts,Bob Feller,Cleveland,10
411,1946,Strikeouts,Bob Feller,Cleveland,348
412,1946,Winning Percentage,Dave Ferriss,Boston,.806
413,1946,Wins,Bob Feller,Cleveland,26
414,1947,Complete Games,Hal Newhouser,Detroit,24
415,1947,ERA,Joe Haynes,Chicago,2.42
416,1947,Games,Ed Klieman,Cleveland,58
417,1947,Saves,Ed Klieman,Cleveland,17
418,1947,Saves,Joe Page,New York,17
419,1947,Shutouts,Bob Feller,Cleveland,5
420,1947,Strikeouts,Bob Feller,Cleveland,196
421,1947,Winning Percentage,Allie Reynolds,New York,.704
422,1948,Complete Games,Bob Lemon,Cleveland,20
423,1948,ERA,Gene Bearden,Cleveland,2.43
424,1948,Games,Joe Page,New York,55
425,1948,Saves,Russ Christopher,Cleveland,17
426,1948,Shutouts,Bob Lemon,Cleveland,10
427,1948,Strikeouts,Bob Feller,Cleveland,164
428,1948,Winning Percentage,Jack Kramer,Boston,.783
429,1949,Complete Games,Mel Parnell,Boston,27
430,1949,ERA,Mike Garcia,Cleveland,2.36
431,1949,Games,Joe Page,New York,60
432,1949,Saves,Joe Page,New York,27
433,1949,Shutouts,Ellis Kinder,Boston,6
434,1949,Shutouts,Virgil Trucks,Detroit,6
435,1949,Strikeouts,Virgil Trucks,Detroit,153
436,1949,Winning Percentage,Ellis Kinder,Boston,.793
437,1950,Complete Games,Ned Garver,St. Louis,22
438,1950,Complete Games,Bob Lemon,Cleveland,22
439,1950,ERA,Early Wynn,Cleveland,3.20
440,1950,Games,Mickey Harris,Washington,53
441,1950,Saves,Mickey Harris,Washington,15
442,1950,Shutouts,Art Houtteman,Detroit,4
443,1950,Strikeouts,Bob Lemon,Cleveland,170
444,1950,Winning Percentage,Vic Raschi,New York,.724
445,1950,Wins,Bob Lemon,Cleveland,23
446,1951,Complete Games,Ned Garver,St. Louis,24
447,1951,ERA,Saul Rogovin,Detroit,2.78
448,1951,ERA,Saul Rogovin,Chicago,2.78
449,1951,Games,Ellis Kinder,Boston,63
450,1951,Saves,Ellis Kinder,Boston,14
451,1951,Shutouts,Allie Reynolds,New York,7
452,1951,Strikeouts,Vic Raschi,New York,164
453,1951,Winning Percentage,Bob Feller,Cleveland,.733
454,1951,Wins,Bob Feller,Cleveland,22
455,1952,Complete Games,Bob Lemon,Cleveland,28
456,1952,ERA,Allie Reynolds,New York,2.06
457,1952,Games,Bill Kennedy,Chicago,47
458,1952,Saves,Harry Dorish,Chicago,11
459,1952,Shutouts,Mike Garcia,Cleveland,6
460,1952,Shutouts,Allie Reynolds,New York,6
461,1952,Strikeouts,Allie Reynolds,New York,160
462,1952,Winning Percentage,Bobby Shantz,Philadelphia,.774
463,1952,Wins,Bobby Shantz,Philadelphia,24
464,1953,Complete Games,Bob Porterfield,Washington,24
465,1953,ERA,Ed Lopat,New York,2.42
466,1953,Games,Ellis Kinder,Boston,69
467,1953,Saves,Ellis Kinder,Boston,27
468,1953,Shutouts,Bob Porterfield,Washington,9
469,1953,Strikeouts,Billy Pierce,New York,186
470,1953,Winning Percentage,Ed Lopat,New York,.800
471,1953,Wins,Bob Porterfield,Washington,22
472,1954,Complete Games,Bob Lemon,Cleveland,21
473,1954,Complete Games,Bob Porterfield,Washington,21
474,1954,ERA,Mike Garcia,Cleveland,2.64
475,1954,Games,Sonny Dixon,Washington,54
476,1954,Games,Sonny Dixon,Philadelphia,54
477,1954,Saves,Johnny Sain,New York,22
478,1954,Shutouts,Mike Garcia,Cleveland,5
479,1954,Shutouts,Virgil Trucks,Chicago,5
480,1954,Strikeouts,Bob Turley,Baltimore,185
481,1954,Winning Percentage,Sandy Consuegra,Chicago,.842
482,1954,Wins,Bob Lemon,Cleveland,23
483,1954,Wins,Early Wynn,Cleveland,23
484,1955,Complete Games,Whitey Ford,New York,18
485,1955,ERA,Billy Pierce,Chicago,1.97
486,1955,Games,Ray Narleski,Cleveland,60
487,1955,Saves,Ray Narleski,Cleveland,19
488,1955,Shutouts,Billy Hoeft,Detroit,7
489,1955,Strikeouts,Herb Score,Cleveland,245
490,1955,Winning Percentage,Tommy Byrne,New York,.762
491,1955,Wins,Whitey Ford,New York,18
492,1955,Wins,Bob Lemon,Cleveland,18
493,1955,Wins,Frank Sullivan,Boston,18
494,1956,Complete Games,Bob Lemon,Cleveland,21
495,1956,Complete Games,Billy Pierce,Chicago,21
496,1956,ERA,Whitey Ford,New York,2.47
497,1956,Games,George Zuverink,Baltimore,62
498,1956,Saves,George Zuverink,Baltimore,16
499,1956,Shutouts,Herb Score,Cleveland,5
500,1956,Strikeouts,Herb Score,Cleveland,263
501,1956,Winning Percentage,Whitey Ford,New York,.760
502,1956,Wins,Frank Lary,Detroit,21
503,1957,Complete Games,Dick Donovan,Chicago,16
504,1957,Complete Games,Billy Pierce,Chicago,16
505,1957,ERA,Bobby Shantz,New York,2.45
506,1957,Games,George Zuverink,Baltimore,56
507,1957,Saves,Bob Grim,New York,19
508,1957,Shutouts,Jim Wilson,Chicago,5
509,1957,Strikeouts,Early Wynn,Cleveland,184
510,1957,Winning Percentage,Dick Donovan,Chicago,.727
511,1957,Winning Percentage,Tom Sturdivant,New York,.727
512,1957,Wins,Jim Bunning,Detroit,20
513,1957,Wins,Billy Pierce,Chicago,20
514,1958,Complete Games,Frank Lary,Detroit,19
515,1958,Complete Games,Billy Pierce,Chicago,19
516,1958,Complete Games,Bob Turley,New York,19
517,1958,ERA,Whitey Ford,New York,2.01
518,1958,Games,Tex Clevenger,Washington,55
519,1958,Saves,Ryne Duren,New York,20
520,1958,Shutouts,Whitey Ford,New York,7
521,1958,Strikeouts,Early Wynn,Chicago,179
522,1958,Winning Percentage,Bob Turley,New York,.750
523,1958,Wins,Bob Turley,New York,21
524,1959,Complete Games,Camilo Pascual,Washington,17
525,1959,ERA,Hoyt Wilhelm,Baltimore,2.19
526,1959,Games,Gerry Staley,Chicago,67
527,1959,Saves,Turk Lown,Chicago,15
528,1959,Shutouts,Camilo Pascual,Washington,6
529,1959,Strikeouts,Jim Bunning,Detroit,201
530,1959,Winning Percentage,Bob Shaw,Chicago,.750
531,1959,Wins,Early Wynn,Chicago,22
532,1960,Complete Games,Frank Lary,Detroit,15
533,1960,ERA,Frank Baumann,Chicago,2.67
534,1960,Games,Mike Fornieles,Boston,70
535,1960,Saves,Johnny Klippstein,Cleveland,14
536,1960,Saves,Mike Fornieles,Boston,14
537,1960,Shutouts,Whitey Ford,New York,4
538,1960,Shutouts,Jim Perry,Cleveland,4
539,1960,Shutouts,Early Wynn,Chicago,4
540,1960,Strikeouts,Jim Bunning,Detroit,201
541,1960,Winning Percentage,Jim Perry,Cleveland,.643
542,1960,Wins,Chuck Estrada,Baltimore,18
543,1960,Wins,Jim Perry,Cleveland,18
544,1961,Complete Games,Frank Lary,Detroit,22
545,1961,ERA,Dick Donovan,Washington,2.40
546,1961,Games,Luis Arroyo,New York,65
547,1961,Saves,Luis Arroyo,New York,29
548,1961,Shutouts,Steve Barber,Baltimore,8
549,1961,Shutouts,Camilo Pascual,Minnesota,8
550,1961,Strikeouts,Camilo Pascual,Minnesota,221
551,1961,Winning Percentage,Whitey Ford,New York,.862
552,1961,Wins,Whitey Ford,New York,25
553,1962,Complete Games,Camilo Pascual,Minnesota,18
554,1962,ERA,Hank Aguirre,Detroit,2.21
555,1962,Games,Dick Radatz,Boston,62
556,1962,Saves,Dick Radatz,Boston,24
557,1962,Shutouts,Dick Donovan,Cleveland,5
558,1962,Shutouts,Jim Kaat,Minnesota,5
559,1962,Shutouts,Camilo Pascual,Minnesota,5
560,1962,Strikeouts,Camilo Pascual,Minnesota,206
561,1962,Winning Percentage,Ray Herbert,Chicago,.690
562,1962,Wins,Ralph Terry,New York,23
563,1963,Complete Games,Camilo Pascual,Minnesota,18
564,1963,Complete Games,Ralph Terry,New York,18
565,1963,ERA,Gary Peters,Chicago,2.33
566,1963,Games,Stu Miller,Baltimore,71
567,1963,Saves,Stu Miller,Baltimore,27
568,1963,Shutouts,Ray Herbert,Chicago,7
569,1963,Strikeouts,Camilo Pascual,Minnesota,202
570,1963,Winning Percentage,Whitey Ford,New York,.774
571,1963,Wins,Whitey Ford,New York,24
572,1964,Complete Games,Dean Chance,Los Angeles,19
573,1964,ERA,Dean Chance,Los Angeles,1.65
574,1964,Games,John Wyatt,Kansas City,81
575,1964,Saves,Dick Radatz,Boston,29
576,1964,Shutouts,Dean Chance,Los Angeles,11
577,1964,Strikeouts,Al Downing,New York,217
578,1964,Winning Percentage,Wally Bunker,Baltimore,.792
579,1964,Wins,Dean Chance,Los Angeles,20
580,1964,Wins,Gary Peters,Chicago,20
581,1965,Complete Games,Mel Stottlemyre,New York,18
582,1965,ERA,Sam McDowell,Cleveland,2.18
583,1965,Games,Eddie Fisher,Chicago,82
584,1965,Saves,Ron Kline,Washington,29
585,1965,Shutouts,Mudcat Grant,Minnesota,6
586,1965,Strikeouts,Sam McDowell,Cleveland,325
587,1965,Winning Percentage,Mudcat Grant,Minnesota,.750
588,1965,Wins,Mudcat Grant,Minnesota,21
589,1966,Complete Games,Jim Kaat,Minnesota,19
590,1966,ERA,Gary Peters,Chicago,1.98
591,1966,Games,Eddie Fisher,Baltimore,67
592,1966,Games,Eddie Fisher,Chicago,67
593,1966,Saves,Jack Aker,Kansas City,32
594,1966,Shutouts,Tommy John,Chicago,5
595,1966,Shutouts,Sam McDowell,Cleveland,5
596,1966,Shutouts,Luis Tiant,Cleveland,5
597,1966,Strikeouts,Sam McDowell,Cleveland,225
598,1966,Winning Percentage,Sonny Siebert,Cleveland,.667
599,1966,Wins,Jim Kaat,Minnesota,25
600,1967,Complete Games,Dean Chance,Minnesota,18
601,1967,ERA,Joe Horlen,Chicago,2.06
602,1967,Games,Bob Locker,Chicago,77
603,1967,Saves,Minnie Rojas,California,27
604,1967,Shutouts,Steve Hargan,Cleveland,6
605,1967,Shutouts,Joe Horlen,Chicago,6
606,1967,Shutouts,Tommy John,Chicago,6
607,1967,Shutouts,Mickey Lolich,Detroit,6
608,1967,Shutouts,Jim McGlothin,California,6
609,1967,Strikeouts,Jim Lonborg,Boston,246
610,1967,Winning Percentage,Joe Horlen,Chicago,.731
611,1967,Wins,Jim Lonborg,Boston,22
612,1967,Wins,Earl Wilson,Detroit,22
613,1968,Complete Games,Denny McLain,Detroit,28
614,1968,ERA,Luis Tiant,Cleveland,1.60
615,1968,Games,Wilbur Wood,Chicago,88
616,1968,Saves,Al Worthington,Minnesota,18
617,1968,Shutouts,Luis Tiant,Cleveland,9
618,1968,Strikeouts,Sam McDowell,Cleveland,283
619,1968,Winning Percentage,Denny McLain,Detroit,.838
620,1968,Wins,Denny McLain,Detroit,31
621,1969,Complete Games,Mel Stottlemyre,New York,24
622,1969,ERA,Dick Bosman,Washington,2.19
623,1969,Games,Wilbur Wood,Chicago,76
624,1969,Saves,Ron Perranoski,Minnesota,31
625,1969,Shutouts,Denny McLain,Detroit,9
626,1969,Strikeouts,Sam McDowell,Cleveland,279
627,1969,Winning Percentage,Jim Palmer,Baltimore,.800
628,1969,Wins,Denny McLain,Detroit,24
629,1971,Complete Games,Mickey Lolich,Detroit,29
630,1971,ERA,Vida Blue,Oakland,1.82
631,1971,Games,Ken Sanders,Milwaukee,83
632,1971,Saves,Ken Sanders,Milwaukee,31
633,1971,Shutouts,Vida Blue,Oakland,8
634,1971,Strikeouts,Mickey Lolich,Detroit,308
635,1971,Winning Percentage,Dave McNally,Baltimore,.808
636,1971,Wins,Mickey Lolich,Detroit,25
637,1972,Complete Games,Gaylord Perry,Cleveland,29
638,1972,ERA,Luis Tiant,Boston,1.91
639,1972,Games,Paul Lindblad,Texas,66
640,1972,Saves,Sparky Lyle,New York,35
641,1972,Shutouts,Nolan Ryan,California,9
642,1972,Strikeouts,Nolan Ryan,California,329
643,1972,Winning Percentage,Catfish Hunter,Oakland,.750
644,1972,Wins,Gaylord Perry,Cleveland,24
645,1972,Wins,Wilbur Wood,Chicago,24
646,1974,Complete Games,Fergie Jenkins,Texas,29
647,1974,ERA,Catfish Hunter,Oakland,2.49
648,1974,Games,Rollie Fingers,Oakland,76
649,1974,Saves,Terry Forster,Chicago,24
650,1974,Shutouts,Luis Tiant,Boston,7
651,1974,Strikeouts,Nolan Ryan,California,367
652,1974,Winning Percentage,Mike Cuellar,Baltimore,.688
653,1974,Wins,Catfish Hunter,Oakland,25
654,1974,Wins,Fergie Jenkins,Texas,25
655,1975,Complete Games,Catfish Hunter,New York,30
656,1975,ERA,Jim Palmer,Baltimore,2.09
657,1975,Games,Rollie Fingers,Oakland,75
658,1975,Saves,Rich Gossage,Chicago,26
659,1975,Shutouts,Jim Palmer,Baltimore,10
660,1975,Strikeouts,Frank Tanana,California,269
661,1975,Winning Percentage,Mike Torrez,Baltimore,.690
662,1975,Wins,Catfish Hunter,New York,23
663,1975,Wins,Jim Palmer,Baltimore,23
664,1976,Complete Games,Mark Fidrych,Detroit,24
665,1976,ERA,Mark Fidrych,Detroit,2.34
666,1976,Games,Bill Campbell,Minnesota,78
667,1976,Saves,Sparky Lyle,New York,23
668,1976,Shutouts,Nolan Ryan,California,7
669,1976,Strikeouts,Nolan Ryan,California,327
670,1976,Winning Percentage,Bill Campbell,Minnesota,.773
671,1976,Wins,Jim Palmer,Baltimore,22
672,1977,Complete Games,Jim Palmer,Baltimore,22
673,1977,Complete Games,Nolan Ryan,California,22
674,1977,ERA,Frank Tanana,California,2.54
675,1977,Games,Sparky Lyle,New York,72
676,1977,Saves,Bill Campbell,Boston,31
677,1977,Shutouts,Frank Tanana,California,7
678,1977,Strikeouts,Nolan Ryan,California,341
679,1977,Winning Percentage,Paul Splittorff,Kansas City,.727
680,1977,Wins,Dave Goltz,Minnesota,20
681,1977,Wins,Dennis Leonard,Kansas City,20
682,1977,Wins,Jim Palmer,Baltimore,20
683,1978,Complete Games,Mike Caldwell,Milwaukee,23
684,1978,ERA,Ron Guidry,New York,1.74
685,1978,Games,Bob Lacey,Oakland,74
686,1978,Saves,Rich Gossage,New York,27
687,1978,Shutouts,Ron Guidry,New York,9
688,1978,Strikeouts,Nolan Ryan,California,260
689,1978,Winning Percentage,Ron Guidry,New York,.893
690,1978,Wins,Ron Guidry,New York,25
691,1979,Complete Games,Dennis Martinez,Baltimore,18
692,1979,ERA,Ron Guidry,New York,2.78
693,1979,Games,Mike Marshall,Minnesota,90
694,1979,Saves,Mike Marshall,Minnesota,32
695,1979,Shutouts,Dennis Leonard,Kansas City,5
696,1979,Shutouts,Nolan Ryan,California,5
697,1979,Strikeouts,Nolan Ryan,California,223
698,1979,Winning Percentage,Mike Caldwell,Milwaukee,.727
699,1979,Wins,Mike Flanagan,Baltimore,23
700,1980,Complete Games,Rick Langford,Oakland,28
701,1980,ERA,Rudy May,New York,2.46
702,1980,Games,Dan Quisenberry,Kansas City,75
703,1980,Saves,Rich Gossage,New York,33
704,1980,Saves,Dan Quisenberry,Kansas City,33
705,1980,Shutouts,Tommy John,New York,6
706,1980,Strikeouts,Len Barker,Cleveland,187
707,1980,Winning Percentage,Steve Stone,Baltimore,.781
708,1980,Wins,Steve Stone,Baltimore,25
709,1981,Complete Games,Rick Langford,Oakland,18
710,1981,ERA,Steve McCatty,Oakland,2.33
711,1981,Games,Doug Corbett,Minnesota,54
712,1981,Saves,Rollie Fingers,Milwaukee,28
713,1981,Shutouts,Richard Dotson,Chicago,4
714,1981,Shutouts,Ken Forsch,California,4
715,1981,Shutouts,Doc Medich,Texas,4
716,1981,Shutouts,Steve McCatty,Oakland,4
717,1981,Strikeouts,Len Barker,Cleveland,127
718,1981,Winning Percentage,Pete Vuckovich,Milwaukee,.778
719,1981,Wins,Dennis Martinez,Baltimore,14
720,1981,Wins,Steve McCatty,Oakland,14
721,1981,Wins,Jack Morris,Detroit,14
722,1981,Wins,Pete Vuckovich,Milwaukee,14
723,1982,Complete Games,Dave Stieb,Toronto,19
724,1982,ERA,Rick Sutcliffe,Cleveland,2.96
725,1982,Games,Ed Vande Berg,Seattle,78
726,1982,Saves,Dan Quisenberry,Kansas City,35
727,1982,Shutouts,Dave Stieb,Toronto,5
728,1982,Strikeouts,Floyd Bannister,Seattle,209
729,1982,Winning Percentage,Pete Vuckovich,Milwaukee,.750
730,1982,Wins,La Marr Hoyt,Chicago,19
731,1983,Complete Games,Ron Guidry,New York,21
732,1983,ERA,Rick Honeycutt,Texas,2.42
733,1983,Games,Dan Quisenberry,Kansas City,69
734,1983,Saves,Dan Quisenberry,Kansas City,45
735,1983,Shutouts,Mike Boddicker,Baltimore,5
736,1983,Strikeouts,Jack Morris,Detroit,232
737,1983,Winning Percentage,Richard Dotson,Chicago,.759
738,1983,Wins,La Marr Hoyt,Chicago,24
739,1984,Complete Games,Charlie Hough,Texas,17
740,1984,ERA,Mike Boddicker,Baltimore,2.79
741,1984,Games,Willie Hernandez,Detroit,80
742,1984,Saves,Dan Quisenberry,Kansas City,44
743,1984,Shutouts,Bob Ojeda,Boston,5
744,1984,Shutouts,Geoff Zahn,California,5
745,1984,Strikeouts,Mark Langston,Seattle,204
746,1984,Winning Percentage,Doyle Alexander,Toronto,.739
747,1984,Wins,Mike Boddicker,Baltimore,20
748,1985,Complete Games,Bert Blyleven,Cleveland,24
749,1985,Complete Games,Bert Blyleven,Minnesota,24
750,1985,ERA,Dave Stieb,Toronto,2.48
751,1985,Games,Dan Quisenberry,Kansas City,84
752,1985,Saves,Dan Quisenberry,Kansas City,37
753,1985,Shutouts,Bert Blyleven,Cleveland,5
754,1985,Shutouts,Bert Blyleven,Minnesota,5
755,1985,Strikeouts,Bert Blyleven,Cleveland,206
756,1985,Strikeouts,Bert Blyleven,Minnesota,206
757,1985,Winning Percentage,Ron Guidry,New York,.786
758,1985,Wins,Ron Guidry,New York,22
759,1986,Complete Games,Tom Candiotti,Cleveland,17
760,1986,ERA,Roger Clemens,Boston,2.48
761,1986,Games,Mitch Williams,Texas,80
762,1986,Saves,Dave Righetti,New York,46
763,1986,Shutouts,Jack Morris,Detroit,6
764,1986,Strikeouts,Mark Langston,Seattle,245
765,1986,Winning Percentage,Roger Clemens,Boston,.857
766,1987,Complete Games,Roger Clemens,Boston,18
767,1987,ERA,Jimmy Key,Toronto,2.76
768,1987,Games,Mark Eichhorn,Toronto,89
769,1987,Saves,Tom Henke,Toronto,34
770,1987,Shutouts,Roger Clemens,Boston,7
771,1987,Strikeouts,Mark Langston,Seattle,262
772,1987,Winning Percentage,Roger Clemens,Boston,.690
773,1987,Wins,Roger Clemens,Boston,20
774,1988,Complete Games,Roger Clemens,Boston,14
775,1988,Complete Games,Dave Stewart,Oakland,14
776,1988,ERA,Allan Anderson,Minnesota,2.45
777,1988,Games,Chuck Crim,Milwaukee,70
778,1988,Saves,Dennis Eckersley,Oakland,45
779,1988,Shutouts,Roger Clemens,Boston,8
780,1988,Strikeouts,Roger Clemens,Boston,291
781,1988,Winning Percentage,Frank Viola,Minnesota,.774
782,1989,Complete Games,Bret Saberhagen,Kansas City,12
783,1989,ERA,Bret Saberhagen,Kansas City,2.16
784,1989,Games,Chuck Crim,Milwaukee,76
785,1989,Saves,Jeff Russell,Texas,38
786,1989,Shutouts,Bert Blyleven,California,5
787,1989,Strikeouts,Nolan Ryan,Texas,301
788,1989,Winning Percentage,Bret Saberhagen,Kansas City,.793
789,1990,Complete Games,Jack Morris,Detroit,11
790,1990,Complete Games,Dave Stewart,Oakland,11
791,1990,ERA,Roger Clemens,Boston,1.93
792,1990,Games,Bobby Thigpen,Chicago,77
793,1990,Saves,Bobby Thigpen,Chicago,57
794,1990,Shutouts,Roger Clemens,Boston,4
795,1990,Shutouts,Dave Stewart,Oakland,4
796,1990,Strikeouts,Nolan Ryan,Texas,269
797,1990,Winning Percentage,Bob Welch,Oakland,.818
798,1991,Complete Games,Jack McDowell,Chicago,15
799,1991,ERA,Roger Clemens,Boston,2.62
800,1991,Games,Duane Ward,Toronto,81
801,1991,Saves,Bryan Harvey,California,46
802,1991,Shutouts,Roger Clemens,Boston,4
803,1991,Strikeouts,Roger Clemens,Boston,241
804,1991,Winning Percentage,Scott Erickson,Minnesota,.714
805,1991,Wins,Scott Erickson,Minnesota,20
806,1991,Wins,Bill Gullickson,Detroit,20
807,1992,Complete Games,Jack McDowell,Chicago,13
808,1992,ERA,Roger Clemens,Boston,2.41
809,1992,Games,Kenny Rogers,Texas,81
810,1992,Saves,Dennis Eckersley,Oakland,51
811,1992,Shutouts,Roger Clemens,Boston,5
812,1992,Strikeouts,Randy Johnson,Seattle,241
813,1992,Winning Percentage,Mike Mussina,Baltimore,.783
814,1992,Wins,Kevin Brown,Texas,21
815,1993,Complete Games,Chuck Finley,California,13
816,1993,ERA,Kevin Appier,Kansas City,2.56
817,1993,Games,Greg Harris,Boston,80
818,1993,Saves,Jeff Montgomery,Kansas City,45
819,1993,Saves,Duane Ward,Toronto,45
820,1993,Shutouts,Jack McDowell,Chicago,4
821,1993,Strikeouts,Randy Johnson,Seattle,308
822,1993,Winning Percentage,Jimmy Key,New York,.750
823,1994,Complete Games,Randy Johnson,Seattle,9
824,1994,ERA,Steve Ontiveros,Oakland,2.65
825,1994,Games,Bob Wickman,New York,53
826,1994,Saves,Lee Smith,Baltimore,33
827,1994,Shutouts,Randy Johnson,Seattle,4
828,1994,Strikeouts,Randy Johnson,Seattle,204
829,1994,Winning Percentage,Jason Bere,Chicago,.857
830,1995,Complete Games,Jack McDowell,New York,8
831,1995,ERA,Randy Johnson,Seattle,2.48
832,1995,Games,Jesse Orosco,Baltimore,65
833,1995,Saves,Jose Mesa,Cleveland,46
834,1995,Shutouts,Mike Mussina,Baltimore,4
835,1995,Strikeouts,Randy Johnson,Seattle,294
836,1995,Winning Percentage,Randy Johnson,Seattle,.900
837,1996,Complete Games,Pat Hentgen,Toronto,10
838,1996,ERA,Juan Guzman,Toronto,2.93
839,1996,Games,Eddie Guardado,Minnesota,83
840,1996,Games,Mike Myers,Detroit,83
841,1996,Saves,John Wetteland,New York,43
842,1996,Shutouts,Pat Hentgen,Toronto,3
843,1996,Shutouts,Ken Hill,Texas,3
844,1996,Shutouts,Rich Robertson,Minnesota,3
845,1996,Strikeouts,Roger Clemens,Boston,257
846,1996,Winning Percentage,Charles Nagy,Cleveland,.773
847,1997,Complete Games,Roger Clemens,Toronto,9
848,1997,Complete Games,Pat Hentgen,Toronto,9
849,1997,ERA,Roger Clemens,Toronto,2.05
850,1997,Games,Mike Myers,Detroit,88
851,1997,Saves,Randy Myers,Baltimore,45
852,1997,Shutouts,Roger Clemens,Toronto,3
853,1997,Shutouts,Pat Hentgen,Toronto,3
854,1997,Strikeouts,Roger Clemens,Toronto,292
855,1997,Winning Percentage,Randy Johnson,Seattle,.833
856,1998,Complete Games,Scott Erickson,Baltimore,11
857,1998,ERA,Roger Clemens,Toronto,2.65
858,1998,Games,Sean Runyan,Detroit,88
859,1998,Saves,Tom Gordon,Boston,46
860,1998,Shutouts,David Wells,New York,5
861,1998,Strikeouts,Roger Clemens,Toronto,271
862,1998,Winning Percentage,David Wells,New York,.818
863,1998,Wins,Roger Clemens,Toronto,20
864,1998,Wins,David Cone,New York,20
865,1999,Complete Games,David Wells,Toronto,7
866,1999,ERA,Pedro Martinez,Boston,2.07
867,1999,Games,Buddy Groom,Oakland,76
868,1999,Games,Bob Wells,Minnesota,76
869,1999,Saves,Mariano Rivera,New York,45
870,1999,Shutouts,Scott Erickson,Baltimore,3
871,1999,Strikeouts,Pedro Martinez,Boston,313
872,1999,Winning Percentage,Pedro Martinez,Boston,.852
873,2000,Complete Games,David Wells,Toronto,9
874,2000,ERA,Pedro Martinez,Boston,1.74
875,2000,Games,Kelly Wunsch,Chicago,83
876,2000,Saves,Todd Jones,Detroit,42
877,2000,Saves,Derek Lowe,Boston,42
878,2000,Shutouts,Pedro Martinez,Boston,4
879,2000,Strikeouts,Pedro Martinez,Boston,284
880,2000,Winning Percentage,Tim Hudson,Oakland,.769
881,2000,Wins,Tim Hudson,Oakland,20
882,2001,Complete Games,Steve Sparks,Detroit,8
883,2001,ERA,Freddy Garcia,Seattle,3.05
884,2001,Games,Paul Quantrill,Toronto,80
885,2001,Saves,Mariano Rivera,New York,50
886,2001,Shutouts,Mark Mulder,Oakland,4
887,2001,Strikeouts,Hideo Nomo,Boston,220
888,2001,Winning Percentage,Roger Clemens,New York,.870
889,2002,Complete Games,Paul Byrd,Kansas City,7
890,2002,ERA,Pedro Martinez,Boston,2.26
891,2002,Games,Billy Koch,Oakland,84
892,2002,Saves,Eddie Guardado,Minnesota,45
893,2002,Shutouts,Jeff Weaver,New York,3
894,2002,Strikeouts,Pedro Martinez,Boston,239
895,2002,Winning Percentage,Pedro Martinez,Boston,.833
896,2003,Complete Games,Bartolo Colon,Chicago,9
897,2003,Complete Games,Roy Halladay,Toronto,9
898,2003,Complete Games,Mark Mulder,Oakland,9
899,2003,ERA,Pedro Martinez,Boston,2.22
900,2003,Games,Trever Miller,Toronto,79
901,2003,Saves,Keith Foulke,Oakland,43
902,2003,Shutouts,Roy Halladay,Toronto,2
903,2003,Shutouts,Tim Hudson,Oakland,2
904,2003,Shutouts,John Lackey,Anaheim,2
905,2003,Shutouts,Mark Mulder,Oakland,2
906,2003,Shutouts,Joel Pineiro,Seattle,2
907,2003,Strikeouts,Esteban Loaiza,Chicago,207
908,2003,Winning Percentage,Roy Halladay,Toronto,.759
909,2004,Complete Games,Mark Mulder,Oakland,5
910,2004,Complete Games,Sidney Ponson,Baltimore,5
911,2004,Complete Games,Jake Westbrook,Cleveland,5
912,2004,ERA,Johan Santana,Minnesota,2.61
913,2004,Games,Paul Quantrill,New York,86
914,2004,Saves,Mariano Rivera,New York,53
915,2004,Shutouts,Jeremy Bonderman,Detroit,2
916,2004,Shutouts,Tim Hudson,Oakland,2
917,2004,Shutouts,Sidney Ponson,Baltimore,2
918,2004,Strikeouts,Johan Santana,Minnesota,265
919,2004,Winning Percentage,Curt Schilling,Boston,.778
920,2005,Complete Games,Roy Halladay,Toronto,5
921,2005,ERA,Kevin Millwood,Cleveland,2.86
922,2005,Games,Mike Timlin,Boston,81
923,2005,Saves,Francisco Rodriguez,Los Angeles,45
924,2005,Saves,Bob Wickman,Cleveland,45
925,2005,Shutouts,Jon Garland,Chicago,3
926,2005,Strikeouts,Johan Santana,Minnesota,238
927,2005,Winning Percentage,Cliff Lee,Cleveland,.783
928,2006,Complete Games,CC Sabathia,Cleveland,6
929,2006,ERA,Johan Santana,Minnesota,2.77
930,2006,Games,Scott Proctor,New York,83
931,2006,Saves,Francisco Rodriguez,Los Angeles,47
932,2006,Shutouts,John Lackey,Los Angeles,2
933,2006,Shutouts,CC Sabathia,Cleveland,2
934,2006,Shutouts,Jeremy Sowers,Cleveland,2
935,2006,Shutouts,Jake Westbrook,Cleveland,2
936,2006,Strikeouts,Johan Santana,Minnesota,245
937,2006,Winning Percentage,Roy Halladay,Toronto,.762
938,2006,Wins,Johan Santana,Minnesota,19
939,2006,Wins,Chien-Ming Wang,New York,19
940,2007,Complete Games,Roy Halladay,Toronto,7
941,2007,ERA,John Lackey,Los Angeles,3.01
942,2007,Games,Jamie Walker,Baltimore,81
943,2007,Saves,Joe Borowski,Cleveland,45
944,2007,Shutouts,Paul Byrd,Cleveland,2
945,2007,Shutouts,Jose Contreras,Chicago,2
946,2007,Shutouts,John Lackey,Cleveland,2
947,2007,Shutouts,Jeff Weaver,Seattle,2
948,2007,Strikeouts,Scott Kazmir,Tampa Bay,239
949,2007,Winning Percentage,Justin Verlander,Detroit,.762
950,2007,Wins,Josh Beckett,Boston,20
951,2009,Complete Games,Roy Halladay,Toronto,9
952,2009,ERA,Zack Greinke,Kansas City,2.16
953,2009,Games,Matt Guerrier,Minnesota,79
954,2009,Saves,Brian Fuentes,Los Angeles,48
955,2009,Shutouts,Roy Halladay,Toronto,4
956,2009,Strikeouts,Justin Verlander,Detroit,269
957,2009,Winning Percentage,Felix Hernandez,Seattle,.792
958,2009,Wins,Felix Hernandez,Seattle,19
959,2009,Wins,C.C. Sabathia,New York,19
960,2010,Complete Games,Cliff Lee,Seattle / Texas,7
961,2010,Complete Games,Carl Pavano,Minnesota,7
962,2010,ERA,Felix Hernandez,Seattle,2.27
963,2010,Games,Randy Choate,Tampa Bay,85
964,2010,Saves,Rafael Soriano,Tampa Bay,45
965,2010,Shutouts,Dallas Braden,Oakland,2
966,2010,Shutouts,Carl Pavano,Minnesota,2
967,2010,Strikeouts,Jered Weaver,Los Angeles,233
968,2010,Winning Percentage,Tommy Hunter,Texas,.765
969,2010,Wins,C.C. Sabathia,New York,21
970,2011,Complete Games,James Shields,Tampa Bay,11
971,2011,ERA,Justin Verlander,Detroit,2.40
972,2011,Games,Jose Valverde,Detroit,75
973,2011,Saves,Jose Valverde,Detroit,49
974,2011,Shutouts,Derek Holland,Texas,4
975,2011,Shutouts,James Shields,Tampa Bay,4
976,2011,Strikeouts,Justin Verlander,Detroit,250
977,2011,Winning Percentage,Justin Verlander,Detroit,.828
978,2011,Wins,Justin Verlander,Detroit,24
979,2012,Complete Games,Justin Verlander,Detroit,6
980,2012,ERA,David Price,Tampa Bay,2.56
981,2012,Games,Boone Logan,New York,80
982,2012,Saves,Jim Johnson,Baltimore,51
983,2012,Shutouts,Felix Hernandez,Seattle,5
984,2012,Strikeouts,Justin Verlander,Detroit,239
985,2012,Winning Percentage,David Price,Tampa Bay,.800
986,2012,Winning Percentage,Jered Weaver,Los Angeles,.800
987,2012,Wins,David Price,Tampa Bay,20
988,2012,Wins,Jered Weaver,Los Angeles,20
989,2013,Complete Games,David Price,Tampa Bay,4
990,2013,Complete Games,Chris Sale,Chicago,4
991,2013,ERA,Anibal Sanchez,Detroit,2.57
992,2013,Games,Joel Peralta,Tampa Bay,80
993,2013,Saves,Jim Johnson,Baltimore,50
994,2013,Shutouts,Bartolo Colon,Oakland,3
995,2013,Shutouts,Justin Masterson,Cleveland,3
996,2013,Strikeouts,Yu Darvish,Texas,277
997,2013,Winning Percentage,Max Scherzer,Detroit,.875
998,2014,Complete Games,Dallas Keuchel,Houston,5
999,2014,ERA,Felix Hernandez,Seattle,2.14
1000,2014,Games,Bryan Shaw,Cleveland,80
1001,2014,Saves,Fernando Rodney,Seattle,48
1002,2014,Shutouts,Rick Porcello,Detroit,3
1003,2014,Strikeouts,David Price,Tampa Bay / Detroit,271
1004,2014,Winning Percentage,Max Scherzer,Detroit,.783
1005,2014,Wins,Corey Kluber,Texas,18
1006,2014,Wins,Max Scherzer,Detroit,18
1007,2014,Wins,Jered Weaver,Los Angeles,18
1008,2015,Complete Games,Mark Buehrle,Toronto,4
1009,2015,Complete Games,Corey Kluber,Cleveland,4
1010,2015,ERA,David Price,Detroit,2.45
1011,2015,ERA,David Price,Toronto,2.45
1012,2015,Games,Kevin Jepsen,Tampa Bay,75
1013,2015,Games,Kevin Jepsen,Minnesota,75
1014,2015,Saves,Brad Boxberger,Tampa Bay,41
1015,2015,Shutouts,Sonny Gray,Oakland,2
1016,2015,Shutouts,Felix Hernandez,Seattle,2
1017,2015,Shutouts,Dallas Keuchel,Houston,2
1018,2015,Shutouts,Mike Montgomery,Seattle,2
1019,2015,Shutouts,Jeff Samardzija,Chicago,2
1020,2015,Strikeouts,Chris Sale,Chicago,274
1021,2015,Winning Percentage,David Price,Detroit,.783
1022,2015,Winning Percentage,David Price,Toronto,.783
1023,2016,Complete Games,Chris Sale,Chicago,6
1024,2016,ERA,Aaron Sanchez,Toronto,3.00
1025,2016,Games,Bryan Shaw,Cleveland,75
1026,2016,Saves,Zach Britton,Baltimore,47
1027,2016,Shutouts,Corey Kluber,Cleveland,2
1028,2016,Strikeouts,Justin Verlander,Detroit,254
1029,2016,Winning Percentage,Aaron Sanchez,Toronto,.882
1030,2017,Complete Games,Corey Kluber,Cleveland Indians,5
1031,2017,Complete Games,Ervin Santana,Minnesota Twins,5
1032,2017,ERA,Corey Kluber,Cleveland Indians,2.25
1033,2017,Games,Bryan Shaw,Cleveland Indians,79
1034,2017,Saves,Alex Colome,Tampa Bay Rays,46
1035,2017,Shutouts,Corey Kluber,Cleveland Indians,3
1036,2017,Shutouts,Ervin Santana,Minnesota Twins,3
1037,2017,Strikeouts,Chris Sale,Boston Red Sox,308
1038,2017,Winning Percentage,Corey Kluber,Cleveland Indians,.818
1039,2017,Wins,Carlos Carrasco,Cleveland Indians,18
1040,2017,Wins,Corey Kluber,Cleveland Indians,18
1041,2017,Wins,Jason Vargas,Kansas City Royals,18
1042,2018,Complete Games,Jose Berrios,Minnesota Twins,2
1043,2018,Complete Games,Carlos Carrasco,Cleveland Indians,2
1044,2018,Complete Games,Corey Kluber,Cleveland Indians,2
1045,2018,Complete Games,James Paxton,Seattle Mariners,2
1046,2018,ERA,Blake Snell,Tampa Bay Rays,1.89
1047,2018,Games,Ryan Pressly,Minnesota Twins,77
1048,2018,Games,Ryan Pressly,Houston Astros,77
1049,2018,Saves,Edwin Diaz,Seattle Mariners,57
1050,2018,Shutouts,Jose Berrios,Minnesota Twins,1
1051,2018,Shutouts,Mike Clevinger,Cleveland Indians,1
1052,2018,Shutouts,Gerrit Cole,Houston Astros,1
1053,2018,Shutouts,Andrew Heaney,Los Angeles Angels,1
1054,2018,Shutouts,Corey Kluber,Cleveland Indians,1
1055,2018,Shutouts,Sean Manaea,Oakland Athletics,1
1056,2018,Shutouts,Daniel Mengden,Oakland Athletics,1
1057,2018,Shutouts,James Paxton,Seattle Mariners,1
1058,2018,Shutouts,Luis Severino,New York Yankees,1
1059,2018,Shutouts,Masahiro Tanaka,New York Yankees,1
1060,2018,Shutouts,Justin Verlander,Houston Astros,1
1061,2018,Strikeouts,Justin Verlander,Houston Astros,290
1062,2018,Winning Percentage,Charlie Morton,Houston Astros,.833
1063,2018,Wins,Blake Snell,Tampa Bay Rays,21
1064,2019,Complete Games,Shane Bieber,Cleveland Indians,3
1065,2019,Complete Games,Lucas Giolito,Chicago White Sox,3
1066,2019,ERA,Gerrit Cole,Houston Astros,2.50
1067,2019,Games,Yusmeiro Petit,Oakland Athletics,80
1068,2019,Saves,Roberto Osuna,Houston Astros,38
1069,2019,Shutouts,Shane Bieber,Cleveland Indians,2
1070,2019,Shutouts,Lucas Giolito,Chicago White Sox,2
1071,2019,Strikeouts,Gerrit Cole,Houston Astros,326
1072,2019,Winning Percentage,Gerrit Cole,Houston Astros,.800
1073,2020,Complete Games,Gerrit Cole,New York Yankees,2
1074,2020,ERA,Shane Bieber,Cleveland Indians,1.63
1075,2020,Games,Scott Barlow,Kansas City Royals,32
1076,2020,Saves,Brad Hand,Cleveland Indians,16
1077,2020,Shutouts,Gerrit Cole,New York Yankees,1
1078,2020,Shutouts,Kyle Gibson,Texas Rangers,1
1079,2020,Shutouts,Lucas Giolito,Chicago White Sox,1
1080,2020,Shutouts,Brad Keller,Kansas City Royals,1
1081,2020,Shutouts,Mike Minor,Oakland Athletics,1
1082,2020,Strikeouts,Shane Bieber,Cleveland Indians,122
1083,2020,Winning Percentage,Shane Bieber,Cleveland Indians,.889
1084,2020,Wins,Shane Bieber,Cleveland Indians,8
1085,2021,Complete Games,Gerrit Cole,New York Yankees,2
1086,2021,Complete Games,Sean Manaea,Oakland Athletics,2
1087,2021,ERA,Robbie Ray,Toronto Blue Jays,2.84
1088,2021,Games,Bryan Shaw,Cleveland Indians,81
1089,2021,Saves,Liam Hendriks,Chicago White Sox,38
1090,2021,Shutouts,Sean Manaea,Oakland Athletics,2
1091,2021,Strikeouts,Robbie Ray,Toronto Blue Jays,248
1092,2021,Winning Percentage,"Lance McCullers, Jr.",Houston Astros,.722
1093,2021,Wins,Gerrit Cole,New York Yankees,16
1094,2022,Complete Games,Framber Valdez,Houston Astros,3
1095,2022,ERA,Justin Verlander,Houston Astros,1.75
1096,2022,Games,Adam Cimber,Toronto Blue Jays,77
1097,2022,Games,Emmanuel Clase,Cleveland Guardians,77
1098,2022,Saves,Emmanuel Clase,Cleveland Guardians,42
1099,2022,Shutouts,Dylan Cease,Chicago White Sox,1
1100,2022,Shutouts,Nestor Cortes,New York Yankees,1
1101,2022,Shutouts,Reid Detmers,Los Angeles Angels,1
1102,2022,Shutouts,Nathan Eovaldi,Boston Red Sox,1
1103,2022,Shutouts,Dean Kremer,Baltimore Orioles,1
1104,2022,Shutouts,Martín Pérez,Texas Rangers,1
1105,2022,Shutouts,Patrick Sandoval,Los Angeles Angels,1
1106,2022,Shutouts,Framber Valdez,Houston Astros,1
1107,2022,Shutouts,Michael Wacha,Boston Red Sox,1
1108,2022,Strikeouts,Corbin Burnes,Milwaukee Brewers,243
1109,2022,Winning Percentage,Justin Verlander,Houston Astros,.818
1110,2022,Wins,Justin Verlander,Houston Astros,18
1111,2023,Complete Games,Jordan Lyles,Kansas City Royals,3
1112,2023,ERA,Gerrit Cole,New York Yankees,2.63
1113,2023,Games,Matt Brash,Seattle Mariners,78
1114,2023,Saves,Emmanuel Clase,Cleveland Guardians,44
1115,2023,Shutouts,Gerrit Cole,New York Yankees,2
1116,2023,Shutouts,Framber Valdez,Houston Astros,2
1117,2023,Strikeouts,Kevin Gausman,Toronto Blue Jays,237
1118,2023,Winning Percentage,Gerrit Cole,New York Yankees,.789
1119,2023,Wins,Chris Bassitt,Toronto Blue Jays,16
1120,2023,Wins,Zach Eflin,Tampa Bay Rays,16
1121,2024,Complete Games,Kevin Gausman,Toronto,2
1122,2024,ERA,Tarik Skubal,Detroit,2.39
1123,2024,Games,T.J. McFarland,Oakland,79
1124,2024,Saves,Emmanuel Clase,Cleveland,47
1125,2024,Shutouts,Ronel Blanco,Houston,1
1126,2024,Shutouts,Joey Estes,Oakland,1
1127,2024,Shutouts,Kevin Gausman,Toronto,1
1128,2024,Shutouts,Tanner Houck,Boston,1
1129,2024,Shutouts,Keider Montero,Detroit,1
1130,2024,Strikeouts,Tarik Skubal,Detroit,228
1131,2024,Winning Percentage,Tarik Skubal,Detroit,.818
1132,2024,Wins,Tarik Skubal,Detroit,18
1133,2025,Complete Games,Tanner Bibee,Cleveland,2
1134,2025,Complete Games,Framber Valdez,Houston,2
1135,2025,ERA,Tarik Skubal,Detroit,2.21
1136,2025,Games,Brendon Little,Toronto,79
1137,2025,Saves,Carlos Estévez,Kansas City,42
1138,2025,Shutouts,Tanner Bibee,Cleveland,1
1139,2025,Shutouts,Garrett Crochet,Boston,1
1140,2025,Shutouts,Nathan Eovaldi,Texas,1
1141,2025,Shutouts,Kevin Gausman,Toronto,1
1142,2025,Shutouts,Tarik Skubal,Detroit,1
1143,2025,Strikeouts,Garrett Crochet,Boston,255
1144,2025,Winning Percentage,Max Fried,New York,.792
1145,2025,Wins,Max Fried,New York,19
